<?xml version="1.0" encoding="UTF-8"?>
<actions>
    <action>
        <actionName>CUSTOM-clean install pax:provision</actionName>
        <displayName>clean install pax:provision</displayName>
        <goals>
            <goal>clean</goal>
            <goal>install</goal>
            <goal>pax:provision</goal>
        </goals>
    </action>
    <action>
            <actionName>CUSTOM-pax:provision</actionName>
            <displayName>pax:provision</displayName>
            <goals>
                <goal>pax:provision</goal>
            </goals>
        </action>
</actions>
