<?xml version="1.0" encoding="UTF-8"?>
<!DOCTYPE filesystem PUBLIC "-//NetBeans//DTD Filesystem 1.2//EN" "http://www.netbeans.org/dtds/filesystem-1_2.dtd">
<filesystem>
    <folder name="Services">
        <folder name="AutoupdateType">
            <file name="dk_sdu_mmmi_cbse_silentupdate_update_center.instance">
                <attr name="displayName" bundlevalue="dk.sdu.mmmi.cbse.silentupdate.Bundle#Services/AutoupdateType/dk_sdu_mmmi_cbse_silentupdate_update_center.instance"/>
                <attr name="enabled" boolvalue="true"/>
                <attr name="instanceCreate" methodvalue="dk.sdu.mmmi.cbse.updateprovider.AutoupdateCatalogFactory.createUpdateProvider"/>
                <attr name="instanceOf" stringvalue="dk.sdu.mmmi.cbse.UpdateProvider"/>
                <attr name="url" bundlevalue="dk.sdu.mmmi.cbse.silentupdate.Bundle#dk_sdu_mmmi_cbse_silentupdate_update_center"/>
            </file>
        </folder>
    </folder>
</filesystem>
