<?xml version="1.0" encoding="UTF-8"?>
<!DOCTYPE filesystem PUBLIC "-//NetBeans//DTD Filesystem 1.2//EN" "http://www.netbeans.org/dtds/filesystem-1_2.dtd">
<filesystem>
    <folder name="Services">
        <folder name="AutoupdateType">
            <file name="org_netbeans_modules_autoupdate_silentupdate_update_center.instance">
                <attr name="displayName" bundlevalue="org.netbeans.modules.autoupdate.silentupdate.resources.Bundle#Services/AutoupdateType/org_netbeans_modules_autoupdate_silentupdate_update_center.instance"/>
                <attr name="enabled" boolvalue="true"/>
                <attr name="instanceCreate" methodvalue="org.netbeans.modules.autoupdate.updateprovider.AutoupdateCatalogFactory.createUpdateProvider"/>
                <attr name="instanceOf" stringvalue="org.netbeans.spi.autoupdate.UpdateProvider"/>
                <attr name="url" bundlevalue="org.netbeans.modules.autoupdate.silentupdate.resources.Bundle#org_netbeans_modules_autoupdate_silentupdate_update_center"/>
            </file>
        </folder>
    </folder>
</filesystem>
